{"offline_id": "9fd7b4ad615c493cae012986dc95f716", "project_name": "yolov5", "start_time": 1737024828483, "stop_time": 1737024860840, "tags": [], "workspace": null, "resume_strategy": "create", "customer_error_reported": true, "customer_error_message": "Unexpected error detected in the user script: AssertionError('\\x1b[34m\\x1b[1mtrain: \\x1b[0mNo labels found in C:\\\\Users\\\\PRATYUSH\\\\Desktop\\\\waste seg\\\\yolo\\\\yolov5\\\\train.cache, can not start training. See https://docs.ultralytics.com/yolov5/tutorials/train_custom_data')", "user_provided_experiment_key": false, "comet_start_sourced": false}